{"initial_reset_timestamp": 1616224854.041448, "timestamps": [1616224872.2201257], "episode_lengths": [1000], "episode_rewards": [89.96415770609832], "episode_types": ["t"]}