{"initial_reset_timestamp": 1616185197.4886065, "timestamps": [1616185217.4474313], "episode_lengths": [1000], "episode_rewards": [411.0294117646984], "episode_types": ["t"]}