{"initial_reset_timestamp": 1614274990.2831717, "timestamps": [1614275023.38996], "episode_lengths": [1000], "episode_rewards": [828.8135593220205], "episode_types": ["t"]}