{"initial_reset_timestamp": 1617041115.2230585, "timestamps": [1617041146.119515], "episode_lengths": [1000], "episode_rewards": [810.1123595505475], "episode_types": ["t"]}