{"initial_reset_timestamp": 1616313333.1259785, "timestamps": [1616313351.0367303], "episode_lengths": [1000], "episode_rewards": [252.73972602738073], "episode_types": ["t"]}