{"initial_reset_timestamp": 1616699717.6801233, "timestamps": [1616699735.7114203], "episode_lengths": [1000], "episode_rewards": [557.0512820512671], "episode_types": ["t"]}