{"initial_reset_timestamp": 1616516581.566178, "timestamps": [1616516599.3430898], "episode_lengths": [1000], "episode_rewards": [427.58620689653634], "episode_types": ["t"]}