{"initial_reset_timestamp": 1616598316.153601, "timestamps": [1616598333.92648], "episode_lengths": [1000], "episode_rewards": [264.23841059600966], "episode_types": ["t"]}