{"initial_reset_timestamp": 1617437020.7338307, "timestamps": [1617437051.2168398], "episode_lengths": [1000], "episode_rewards": [328.0936454849388], "episode_types": ["t"]}