{"initial_reset_timestamp": 1616266408.039368, "timestamps": [1616266427.8559313], "episode_lengths": [1000], "episode_rewards": [730.670926517559], "episode_types": ["t"]}