{"initial_reset_timestamp": 1616141550.0058088, "timestamps": [1616141568.0334897], "episode_lengths": [1000], "episode_rewards": [266.55948553054503], "episode_types": ["t"]}