{"initial_reset_timestamp": 1616406488.903074, "timestamps": [1616406506.8979576], "episode_lengths": [1000], "episode_rewards": [308.30449826987973], "episode_types": ["t"]}